status,total_num_contacts_interacted_with,num_#_sms,total_interactions,ave_age,duration(s),num_contacts,ratio_of_bad_words_used,num_*_sms,ave_message_body_length,max_age,ave_daily_sms,user_id,calls,num_#_calls,num_bad_words_used,num_*_calls,ave_duration(s),ave_daily_duration(s),num_derogatory_sms,ave_daily_sms_count,ave_daily_contacts_interacted_with,ave_daily_calls
repaid,409,0,8990,,114007,390,0.00012906556530717606,0,86.89890109890109,,11.48989898989899,344,6715,0,4,2,16.97795979151154,596.8952879581152,4,12.775280898876405,12.121212121212121,35.15706806282723
defaulted,221,0,3722,,39629,516,0.000297548202808855,0,29.394788273615635,,42.638888888888886,345,652,5,5,9,60.780674846625764,1100.8055555555557,5,42.611111111111114,10.194444444444445,18.11111111111111
repaid,207,0,4735,,73256,299,0.0011278195488721805,0,75.8009592326139,,20.62087912087912,346,982,0,54,3,74.59877800407332,1436.3921568627452,54,20.615384615384617,6.675824175824176,19.254901960784313
defaulted,14,0,36,,1391,394,0.0,0,108.6,,3.3333333333333335,347,26,0,0,0,53.5,695.5,0,4.5,5.333333333333333,13.0
repaid,655,0,21612,,146169,938,0.0005388882178594988,0,38.98548780487805,,63.824902723735406,340,5209,0,58,1,28.060856210405067,974.46,55,64.0703125,15.98443579766537,34.72666666666667
defaulted,36,0,227,,684,339,0.0,0,83.71098265895954,,4.2439024390243905,341,53,0,0,0,12.90566037735849,48.857142857142854,0,4.325,2.707317073170732,3.7857142857142856
repaid,491,0,5691,,136688,502,0.0001255020080321285,0,82.57611438183348,,5.530232558139535,342,4502,1,2,13,30.36161705908485,638.7289719626168,2,8.23611111111111,10.125581395348837,21.037383177570092
defaulted,293,0,6696,,75001,322,0.0004677997816934352,0,26.30918248740798,,27.91891891891892,343,1531,0,12,10,48.98824297844546,423.73446327683615,12,77.07462686567165,5.827027027027027,8.649717514124294
repaid,384,0,2861,,64470,317,0.0002115730455939913,0,87.82344213649851,,7.595505617977528,348,2185,0,2,1,29.505720823798626,976.8181818181819,2,11.440677966101696,10.235955056179776,33.10606060606061
repaid,349,0,10511,,79756,472,0.0007133515634288432,0,52.91650587616208,,16.875739644970412,349,4807,0,36,1,16.59163719575619,480.4578313253012,36,17.023880597014927,7.3579881656804735,28.957831325301203
repaid,691,0,12066,,242152,2372,6.537229522128521e-05,0,78.40448979591837,,29.01775147928994,298,7162,0,4,14,33.81066741133762,1705.2957746478874,3,30.79874213836478,26.319526627218934,50.436619718309856
repaid,108,0,3387,,2880,42,0.0004012519059465532,0,21.36964006259781,,38.07142857142857,299,189,0,5,0,15.238095238095237,70.2439024390244,5,43.2027027027027,2.9285714285714284,4.609756097560975
repaid,137,0,2211,,11618,346,0.0005577936163619461,0,53.577936333699235,,41.43181818181818,296,388,0,9,0,29.943298969072163,276.6190476190476,9,43.38095238095238,11.0,9.238095238095237
repaid,87,0,674,,26981,333,0.0,0,41.85897435897436,,6.782608695652174,297,518,0,0,2,52.08687258687259,1173.0869565217392,0,51.666666666666664,9.26086956521739,22.52173913043478
defaulted,341,0,6906,,36246,488,0.00018771704783656103,0,30.104550837421755,,73.8875,294,995,0,6,0,36.428140703517585,863.0,6,73.875,17.75,23.69047619047619
repaid,307,0,3426,,91416,199,0.0,0,112.2141560798548,,3.4716981132075473,295,2874,0,0,6,31.80793319415449,667.2700729927008,0,4.338582677165355,9.559748427672956,20.978102189781023
defaulted,212,0,5559,,39562,173,0.00042675356921166975,0,31.697059445737253,,53.72727272727273,292,831,0,11,4,47.607701564380264,706.4642857142857,11,53.71590909090909,8.613636363636363,14.839285714285714
repaid,133,0,1197,,36316,91,0.0006568144499178982,0,80.70869565217392,,1.7829457364341086,293,967,0,2,0,37.55532574974147,283.71875,2,6.9393939393939394,4.4186046511627906,7.5546875
repaid,312,0,2981,,55984,320,8.027614995584812e-05,0,132.62602291325695,,6.53475935828877,290,1759,0,2,0,31.827174530983513,674.5060240963855,2,6.635869565217392,7.096256684491979,21.19277108433735
repaid,102,0,705,,8276,132,0.0002785515320334262,0,109.55147058823529,,6.0,291,297,0,2,0,27.865319865319865,145.19298245614036,2,6.151515151515151,5.426470588235294,5.2105263157894735
defaulted,88,0,619,,15038,286,0.0,0,36.44444444444444,,4.714285714285714,199,520,0,0,0,28.91923076923077,751.9,0,12.25,9.380952380952381,26.0
defaulted,66,0,277,,9530,1415,0.0,0,89.05555555555556,,9.818181818181818,198,169,0,0,0,56.3905325443787,866.3636363636364,0,9.727272727272727,11.0,15.363636363636363
defaulted,50,0,1956,,1870,32,0.0002457908320019663,0,23.75642398286938,,116.8125,195,87,0,2,0,21.49425287356322,170.0,2,116.75,10.1875,7.909090909090909
repaid,266,0,2507,,33628,559,0.00010034451617219118,0,98.2232187344295,,17.761061946902654,194,500,0,3,0,67.256,1769.8947368421052,3,17.910714285714285,7.539823008849558,26.31578947368421
defaulted,174,0,1502,,9079,771,0.0011514104778353484,0,28.421796165489404,,15.015151515151516,197,511,1,6,4,17.767123287671232,144.11111111111111,6,20.20408163265306,6.712121212121212,8.11111111111111
defaulted,129,0,568,,7888,249,0.0,0,14.073770491803279,,3.210526315789474,196,446,0,0,1,17.68609865470852,207.57894736842104,0,60.5,7.342105263157895,11.736842105263158
repaid,345,0,3910,,67008,227,0.00013577732518669383,0,61.38740157480315,,9.9296875,191,2639,0,2,1,25.39143615005684,827.2592592592592,2,10.40983606557377,12.40625,32.58024691358025
defaulted,355,0,4773,,40697,277,0.0,0,101.2987012987013,,21.147058823529413,190,2616,0,0,0,15.556957186544343,598.4852941176471,0,21.56,14.009803921568627,38.470588235294116
repaid,366,0,5788,,70646,450,5.784191803800214e-05,0,94.99803450535052,,16.327402135231317,193,1200,13,4,18,58.87166666666667,327.06481481481484,4,18.274900398406373,6.679715302491103,5.555555555555555
repaid,378,0,8529,,145638,347,0.00011342851876533058,0,85.26405680291691,,25.0625,192,3316,0,8,0,43.91978287092883,703.5652173913044,8,25.17874396135266,11.701923076923077,16.019323671497585
defaulted,171,0,1168,,26018,502,0.0,0,104.98009950248756,,4.785714285714286,270,967,1,0,0,26.905894519131333,619.4761904761905,0,6.896551724137931,10.880952380952381,23.023809523809526
defaulted,98,0,584,,20390,293,0.0,0,78.57894736842105,,0.7307692307692307,271,565,0,0,2,36.08849557522124,784.2307692307693,0,3.6,9.73076923076923,21.73076923076923
repaid,580,0,10259,,35985,808,0.00012897282358360202,0,39.86744157289477,,50.298136645962735,272,2161,1,7,2,16.65201295696437,227.75316455696202,7,70.4,14.211180124223603,13.677215189873417
repaid,490,1,16865,,146764,666,0.0003896157158676127,1,40.89269592244505,,69.31282051282051,273,3349,2,38,11,43.823230815168706,838.6514285714286,38,69.65979381443299,15.266666666666667,19.13714285714286
defaulted,251,0,4014,,26822,283,0.0,0,64.30462452269835,,9.080769230769231,274,1653,0,0,0,16.226255293405927,367.4246575342466,0,9.477911646586346,4.469230769230769,22.643835616438356
defaulted,294,0,5532,,144556,254,0.0006225099601593625,0,54.333957720096336,,11.222222222222221,275,1795,0,20,1,80.53259052924791,876.0969696969697,20,11.495384615384616,4.657657657657658,10.878787878787879
repaid,234,0,5486,,145095,841,8.107669855683477e-05,0,128.56454388984508,,4.048780487804878,276,4324,0,2,7,33.55573543015726,704.3446601941747,2,4.172661870503597,6.609756097560975,20.990291262135923
defaulted,135,0,1166,,24021,204,0.0,0,59.55666003976143,,9.862745098039216,277,663,0,0,0,36.23076923076923,889.6666666666666,0,10.244897959183673,8.764705882352942,24.555555555555557
defaulted,25,0,48,,309,198,0.0,0,100.45454545454545,,2.4444444444444446,278,26,0,0,0,11.884615384615385,44.142857142857146,0,2.625,3.4444444444444446,3.7142857142857144
repaid,184,0,3548,,24048,325,0.0,0,97.45764192139738,,10.25,279,1252,1,0,3,19.207667731629392,138.20689655172413,0,11.532663316582914,5.321428571428571,7.195402298850575
repaid,299,0,6081,,43866,284,0.0006372236655065928,0,50.79991740656618,,23.444444444444443,108,1228,0,26,3,35.72149837133551,617.830985915493,26,23.553398058252426,7.555555555555555,17.295774647887324
repaid,456,0,7837,,240972,705,0.0,0,143.27185628742515,,6.0071942446043165,109,7002,0,0,0,34.414738646101114,4084.271186440678,0,6.223880597014926,15.410071942446043,118.67796610169492
repaid,238,0,2771,,58284,179,0.0005391416864351952,0,32.196303377947736,,11.80451127819549,102,1201,0,5,3,48.52955870108243,455.34375,5,16.51578947368421,6.06015037593985,9.3828125
defaulted,88,0,692,,17263,58,0.0,0,86.28888888888889,,1.2162162162162162,103,647,0,0,4,26.68160741885626,493.22857142857146,0,4.0,7.378378378378378,18.485714285714284
repaid,559,0,4654,,112342,1061,0.00030350855894136213,0,133.24779874213837,,2.912087912087912,100,3859,0,5,1,29.111686965535114,634.7005649717514,5,3.799043062200957,8.168498168498168,21.80225988700565
repaid,245,0,3151,,42479,3125,0.00026722248944471166,0,52.895403377110696,,16.43076923076923,101,1015,0,5,1,41.851231527093596,685.1451612903226,5,16.415384615384614,7.561538461538461,16.370967741935484
repaid,237,0,1113,,18527,675,0.000513347022587269,0,30.75541795665635,,7.340909090909091,106,790,0,1,0,23.451898734177217,487.55263157894734,1,10.733333333333333,12.204545454545455,20.789473684210527
repaid,563,0,11933,,205051,470,0.00017763341538305378,0,79.43468834688346,,11.848523748395378,107,2703,0,21,0,75.86052534221236,1297.7911392405063,21,11.862467866323907,5.169448010269576,17.10759493670886
defaulted,193,0,1138,,15869,229,0.0011886568177958906,0,80.31151241534988,,8.86,104,695,0,7,3,22.833093525179855,317.38,5,16.37037037037037,8.04,13.9
repaid,280,0,6913,,118419,397,0.00019147001100952563,0,47.622549019607845,,28.521505376344088,105,1608,0,8,0,73.64365671641791,647.0983606557377,8,41.4375,8.89247311827957,8.78688524590164
repaid,214,0,1357,,48199,896,0.00014037057832678272,0,125.3932584269663,,5.758064516129032,39,1000,0,1,0,48.199,2295.190476190476,1,5.836065573770492,9.225806451612904,47.61904761904762
repaid,322,0,5793,,214210,129,0.0005003371837542692,0,96.106608478803,,33.76842105263158,38,2585,0,23,1,82.86653771760155,2254.842105263158,23,38.63855421686747,14.326315789473684,27.210526315789473
repaid,682,0,5837,,93907,1137,0.00020279862096937742,0,76.53461538461538,,31.45054945054945,33,2975,0,7,0,31.565378151260504,1591.6440677966102,7,31.439560439560438,22.945054945054945,50.42372881355932
defaulted,62,0,192,,9105,271,0.0,0,92.18181818181819,,1.1,32,170,0,0,1,53.55882352941177,607.0,0,2.3333333333333335,5.3,11.333333333333334
repaid,342,0,7598,,64272,168,0.00014977907586310194,0,115.73351648351648,,18.6,31,3227,1,12,6,19.916950728230553,359.06145251396646,12,19.0,9.582978723404254,18.027932960893853
defaulted,253,0,4644,,114266,180,0.0002692961014210548,0,84.9991452991453,,17.908163265306122,30,1134,0,13,0,100.7636684303351,1077.9811320754718,13,17.994871794871795,7.841836734693878,10.69811320754717
defaulted,315,0,4610,,37195,527,0.0006012425679738125,0,43.02133555001385,,13.175182481751825,37,1000,0,18,1,37.195,347.61682242990656,18,16.04,4.383211678832117,9.345794392523365
defaulted,206,0,2285,,23564,619,0.00024388261116982358,0,52.05321354526607,,19.863013698630137,36,835,0,3,9,28.220359281437126,327.27777777777777,3,35.292682926829265,9.41095890410959,11.597222222222221
defaulted,434,0,17633,,55748,489,0.0009441240964833916,0,34.62574183976261,,31.36046511627907,35,1451,0,93,0,38.42039972432805,753.3513513513514,90,31.358527131782946,5.463178294573644,19.60810810810811
defaulted,27,0,66,,598,243,0.0,0,128.69767441860466,,2.6875,34,23,0,0,0,26.0,199.33333333333334,0,3.0,2.5,7.666666666666667
repaid,820,0,6139,,187419,901,0.0009392978748385582,0,64.97408077154913,,4.836734693877551,339,4480,1,16,3,41.83459821428571,1007.6290322580645,16,5.365695792880259,8.583090379008746,24.086021505376344
repaid,937,0,12421,,101319,3479,0.0005704981161676789,0,49.511620434829176,,37.364,338,3080,0,48,0,32.89577922077922,1369.1756756756756,48,39.901709401709404,14.924,41.62162162162162
defaulted,184,0,2447,,2235,73,7.464914899970141e-05,0,30.446976744186045,,16.8359375,335,292,0,1,18,7.654109589041096,24.032258064516128,1,28.342105263157894,4.3515625,3.139784946236559
defaulted,447,0,3727,,4502,70,0.0004054897067997505,0,56.90369917456435,,8.658730158730158,334,454,1,13,6,9.916299559471366,58.467532467532465,13,8.679045092838196,3.2777777777777777,5.896103896103896
defaulted,71,0,334,,4960,53,0.0,0,121.75,,0.2,337,330,1,0,1,15.030303030303031,248.0,0,3.0,6.95,16.5
repaid,83,0,1381,,37254,294,0.0010441138084051162,0,41.348314606741575,,14.432432432432432,336,847,0,4,0,43.98347107438016,1960.7368421052631,4,14.405405405405405,7.4324324324324325,44.578947368421055
defaulted,297,0,2706,,58642,267,0.00045931256219857613,0,78.18618618618619,,16.129032258064516,331,1706,0,6,4,34.373974208675264,1127.7307692307693,6,19.58823529411765,15.370967741935484,32.80769230769231
repaid,168,0,838,,17780,549,0.0003940110323089047,0,111.71174377224199,,3.1222222222222222,330,557,0,2,0,31.92100538599641,573.5483870967741,2,3.3734939759036147,4.633333333333334,17.967741935483872
defaulted,120,0,1883,,19693,262,0.00022241992882562276,0,90.43268416596105,,8.20138888888889,333,702,0,4,0,28.052706552706553,437.6222222222222,4,8.489208633093526,3.986111111111111,15.6
repaid,83,0,1210,,9333,849,0.0002842524161455372,0,47.16188289322618,,32.25925925925926,332,339,1,2,0,27.530973451327434,358.96153846153845,2,43.5,9.0,13.038461538461538
defaulted,228,0,3006,,29660,93,0.0012867465109373452,0,26.529382716049383,,48.23809523809524,6,980,0,13,3,30.26530612244898,741.5,10,72.32142857142857,15.952380952380953,24.5
repaid,424,0,9184,,224146,295,0.0003218173213440606,0,85.08639705882354,,22.269005847953217,99,5376,0,17,2,41.693824404761905,2264.10101010101,17,22.263157894736842,17.035087719298247,54.303030303030305
repaid,723,0,9988,,319015,965,0.0008653110127466968,0,93.93113625184456,,8.659574468085106,98,7953,3,26,8,40.11253614988055,1627.6275510204082,26,9.59433962264151,17.851063829787233,40.576530612244895
defaulted,37,0,327,,1213,205,0.0016731734523145567,0,35.83274021352313,,14.789473684210526,91,46,0,3,0,26.369565217391305,93.3076923076923,3,16.470588235294116,4.368421052631579,3.5384615384615383
defaulted,20,0,571,,1140,87,0.0,0,45.99248120300752,,19.703703703703702,90,39,0,0,0,29.23076923076923,190.0,0,19.666666666666668,2.3703703703703702,6.5
defaulted,140,0,1725,,23287,169,0.00015676438313215238,0,52.031988873435324,,14.42,93,1004,3,1,3,23.19422310756972,465.74,1,24.82758620689655,11.68,20.08
repaid,304,0,2114,,27143,146,0.0,0,114.39775910364146,,3.2454545454545456,92,1400,1,0,30,19.387857142857143,147.5163043478261,0,5.056737588652482,4.581818181818182,7.608695652173913
defaulted,122,0,852,,17425,308,0.0,0,139.74193548387098,,3.4444444444444446,95,666,0,0,2,26.163663663663662,322.68518518518516,0,6.166666666666667,7.555555555555555,12.333333333333334
defaulted,225,0,6171,,8647,209,0.00017254022343958937,0,23.678829479768787,,213.19230769230768,94,628,0,4,0,13.769108280254777,360.2916666666667,4,213.15384615384616,19.423076923076923,26.166666666666668
defaulted,167,0,8164,,39171,117,0.001816100122389356,0,37.72191705575391,,95.85526315789474,97,879,0,92,7,44.563139931740615,851.5434782608696,87,97.12,10.697368421052632,19.108695652173914
defaulted,350,0,6595,,95960,394,0.001229436215678239,0,22.963995354239255,,33.20192307692308,96,3142,0,21,0,30.54105665181413,1314.5205479452054,21,48.605633802816904,10.134615384615385,43.04109589041096
defaulted,307,0,2497,,26901,738,0.0016865079365079366,0,46.49142857142857,,12.510204081632653,238,1271,0,17,3,21.16522423288749,283.1684210526316,17,22.685185185185187,8.214285714285714,13.378947368421052
defaulted,158,0,1158,,28696,310,0.0,0,83.67613636363636,,9.618181818181819,239,629,0,0,3,45.62162162162162,521.7454545454545,0,24.0,6.927272727272728,11.436363636363636
repaid,416,0,6561,,74497,282,0.00014806917791992418,0,74.40758959943781,,13.246511627906976,234,3713,0,5,3,20.06382978723404,407.08743169398906,5,13.492890995260664,12.446511627906977,20.2896174863388
defaulted,197,0,1256,,13364,52,0.00016515276630883568,0,52.507552870090635,,7.609195402298851,235,594,0,1,0,22.4983164983165,164.98765432098764,1,22.033333333333335,5.436781609195402,7.333333333333333
defaulted,147,0,7913,,75697,281,0.0005808044141135473,0,26.545635202271114,,36.329896907216494,236,865,0,20,0,87.51098265895953,2162.7714285714287,19,36.324742268041234,3.4896907216494846,24.714285714285715
repaid,97,0,1381,,49195,96,0.0002044153720359771,0,58.90679611650486,,5.786516853932584,237,866,0,1,1,56.80715935334873,585.6547619047619,1,11.173913043478262,6.089887640449438,10.30952380952381
defaulted,115,0,399,,8989,151,0.0,0,126.4,,0.46511627906976744,230,379,0,0,3,23.717678100263853,209.04651162790697,0,2.111111111111111,5.023255813953488,8.813953488372093
defaulted,83,0,2076,,17729,340,0.002185932879002186,0,25.794529262086513,,58.25925925925926,231,503,0,17,0,35.24652087475149,886.45,17,60.46153846153846,10.777777777777779,25.15
repaid,253,0,9051,,176887,164,0.00041647385469689957,0,79.91246376811594,,35.942708333333336,232,2150,0,36,8,82.27302325581395,1010.7828571428571,35,37.704918032786885,10.114583333333334,12.285714285714286
repaid,166,0,1273,,45966,753,0.0,0,77.82072829131653,,5.1,233,916,3,0,0,50.18122270742358,779.0847457627119,0,13.692307692307692,6.928571428571429,15.525423728813559
defaulted,55,0,315,,5524,246,0.0,0,88.45112781954887,,8.866666666666667,1,182,0,0,0,30.35164835164835,368.26666666666665,0,16.5,6.6,12.133333333333333
defaulted,27,0,176,,2512,86,0.0,0,62.766666666666666,,11.25,146,86,0,0,0,29.209302325581394,358.85714285714283,0,12.714285714285714,5.875,12.285714285714286
repaid,237,0,1636,,42822,1011,7.888923950773115e-05,0,95.44235588972431,,6.487804878048781,147,838,0,1,1,51.10023866348449,594.75,1,8.04040404040404,6.40650406504065,11.63888888888889
defaulted,64,0,662,,5345,207,0.000517196793379881,0,39.27272727272727,,50.09090909090909,144,111,0,2,1,48.153153153153156,485.90909090909093,2,50.0,13.0,10.090909090909092
defaulted,487,0,7486,,92255,1114,0.00031828550209537956,0,34.30538319637766,,62.125,145,1522,11,12,2,60.61432325886991,1590.603448275862,12,62.104166666666664,17.114583333333332,26.24137931034483
repaid,145,0,3031,,118017,280,0.0006843455945252353,0,86.0497572815534,,8.649214659685864,142,1379,0,16,3,85.58158085569254,944.136,16,9.94578313253012,5.141361256544503,11.032
repaid,430,0,5519,,80326,288,0.0001798330122029544,0,131.10276073619633,,10.812154696132596,143,3562,0,7,1,22.550814149354295,521.5974025974026,7,11.854545454545455,14.696132596685082,23.12987012987013
defaulted,123,0,1188,,48040,391,0.0,0,111.57142857142857,,0.1917808219178082,140,1174,0,0,0,40.91993185689949,658.082191780822,0,4.0,6.123287671232877,16.08219178082192
repaid,295,0,2937,,67024,577,8.838607035531201e-05,0,111.54186413902053,,3.541899441340782,141,2303,0,1,6,29.102909248805904,378.6666666666667,1,5.104838709677419,7.111731843575419,13.01129943502825
defaulted,278,0,2786,,35575,416,5.361930294906166e-05,0,75.96637525218561,,10.861313868613138,148,1298,0,1,4,27.407550077041602,282.3412698412698,1,12.709401709401709,7.481751824817518,10.301587301587302
defaulted,353,0,2863,,43793,414,0.00011465917560052743,0,92.76628010704728,,7.2387096774193544,149,1741,0,2,1,25.15393452039058,312.8071428571429,2,20.017857142857142,8.245161290322581,12.435714285714285
repaid,364,0,7817,,149408,378,0.0,0,81.37021276595745,,4.978835978835979,133,6876,0,0,7,21.72891215823153,807.6108108108108,0,15.40983606557377,13.502645502645503,37.167567567567566
repaid,1360,0,19802,,387154,504,0.00021536685590234405,0,65.88581250580692,,48.96818181818182,132,9029,0,25,0,42.87894561966995,2104.0978260869565,25,49.18721461187214,31.30909090909091,49.07065217391305
defaulted,50,0,240,,5354,14,0.0,0,95.47407407407407,,27.0,131,105,0,0,0,50.99047619047619,1338.5,0,26.8,16.6,26.25
defaulted,455,0,9102,40899546.685139306,103845,600,0.0004839099927413501,0,23.83753234372872,14519339073.224453,47.07692307692308,130,1758,3,16,5,59.069965870307165,811.2890625,15,80.68131868131869,9.846153846153847,13.734375
repaid,317,0,9379,,83751,446,0.001887723362721754,0,33.38594029089053,,71.91743119266054,137,1540,3,88,11,54.38376623376623,890.968085106383,80,97.95,11.394495412844037,16.382978723404257
repaid,1036,0,11346,,290995,1676,0.0008998287422716322,0,66.97558625120463,,14.985576923076923,136,8229,0,31,1,35.36213391663629,2034.93006993007,24,15.425742574257425,23.432692307692307,57.54545454545455
repaid,35,0,276,,3973,114,0.0019286403085824494,0,66.17391304347827,,4.181818181818182,135,184,0,2,4,21.592391304347824,189.1904761904762,2,10.11111111111111,4.681818181818182,8.761904761904763
repaid,571,0,5137,,213457,605,0.0007458456397863899,0,61.97772037455602,,14.28110599078341,134,2038,0,25,0,104.73846908734053,1694.1031746031747,25,14.409302325581395,10.493087557603687,16.174603174603174
repaid,546,0,5926,,43071,284,0.000219272599695942,0,94.82632050134288,,14.313099041533546,139,1446,0,15,0,29.786307053941908,418.1650485436893,15,14.40192926045016,7.015974440894569,14.03883495145631
repaid,396,0,3646,,71504,992,0.00020977554017201594,0,97.11916264090178,,3.3567567567567567,138,3025,0,2,0,23.637685950413225,392.8791208791209,2,4.275862068965517,8.31891891891892,16.62087912087912
repaid,743,1,9200,,93355,588,0.0001226830789363377,2,97.04333438386385,,11.071428571428571,24,2845,0,12,0,32.81370826010545,1905.204081632653,12,11.089005235602095,7.585365853658536,58.06122448979592
repaid,326,0,7961,,94387,649,0.0003233920229967661,0,25.419047619047618,,50.429752066115704,25,1859,0,9,2,50.772996234534695,793.1680672268908,9,80.25,9.958677685950413,15.621848739495798
defaulted,181,0,1314,,18148,371,0.0,0,33.93811881188119,,25.25,26,506,0,0,7,35.865612648221344,567.125,0,73.36363636363636,12.40625,15.8125
repaid,439,0,6550,,244539,167,0.0011942946836825223,0,56.28530872959546,,18.18709677419355,27,3731,0,35,3,65.54248190833556,1619.4635761589404,33,29.66315789473684,12.916129032258064,24.70860927152318
defaulted,232,0,3132,,19056,483,0.0006487889273356401,0,33.18255033557047,,28.29113924050633,20,897,4,9,8,21.244147157190636,443.16279069767444,9,29.786666666666665,9.063291139240507,20.86046511627907
repaid,485,0,7794,,155129,624,0.001095751854349292,0,59.057363485934914,,17.68780487804878,21,4168,0,39,1,37.21904990403071,1292.7416666666666,39,19.17989417989418,10.95609756097561,34.733333333333334
defaulted,434,0,6047,,15857,590,0.0028595224875069404,0,73.09963898916968,,25.328767123287673,22,500,6,206,6,31.714,440.47222222222223,206,25.440366972477065,10.401826484018265,13.88888888888889
repaid,105,0,347,,4039,215,0.0,0,50.266666666666666,,2.272727272727273,23,272,0,0,0,14.849264705882353,122.39393939393939,0,3.8947368421052633,6.0,8.242424242424242
repaid,59,0,539,,1086,451,0.0009943652635067948,0,35.63102725366876,,20.73913043478261,28,62,0,3,0,17.516129032258064,217.2,3,21.636363636363637,4.0,12.4
defaulted,185,0,1751,,9813,633,7.174630506528914e-05,0,58.840796019900495,,16.17241379310345,29,344,0,1,0,28.526162790697676,258.2368421052632,1,19.232876712328768,5.9655172413793105,9.052631578947368
defaulted,233,0,1608,,8819,461,0.0010031347962382445,0,46.33224755700326,,20.931818181818183,400,687,0,8,2,12.836972343522563,464.1578947368421,8,21.3953488372093,11.75,36.1578947368421
defaulted,124,0,5407,,43836,330,0.0012215916320973202,0,40.780562975138686,,36.59398496240601,379,540,0,48,1,81.17777777777778,377.8965517241379,48,47.705882352941174,4.097744360902255,4.655172413793103
defaulted,81,0,783,,13246,289,0.0006587615283267457,0,36.78698224852071,,21.125,378,276,0,2,1,47.992753623188406,551.9166666666666,2,29.764705882352942,8.625,11.5
defaulted,197,0,4149,,18937,380,0.000304202338012255,0,41.02959770114943,,79.11363636363636,371,668,0,7,0,28.34880239520958,440.3953488372093,7,79.0909090909091,16.65909090909091,15.534883720930232
defaulted,143,0,736,,12938,503,0.0,0,110.8,,3.909090909090909,370,521,0,0,0,24.833013435700575,431.26666666666665,0,4.553191489361702,5.8,17.366666666666667
defaulted,229,0,13347,,18812,232,0.0005825854196189577,0,59.386565766890314,,53.18672199170125,373,529,0,74,4,35.561436672967865,408.95652173913044,73,53.40416666666667,7.767634854771784,11.5
defaulted,154,0,1157,,43911,390,0.0005662514156285391,0,95.37962962962963,,1.6875,372,1049,0,1,3,41.85986653956149,697.0,1,5.631578947368421,6.6875,16.650793650793652
defaulted,81,0,801,,3932,337,0.0013057929724596391,0,109.96649916247907,,42.642857142857146,375,204,1,11,0,19.274509803921568,280.85714285714283,11,42.57142857142857,11.285714285714286,14.571428571428571
repaid,237,0,5212,,15483,397,0.0008497009706199549,0,30.617831638173556,,112.73170731707317,374,590,0,26,1,26.242372881355934,397.0,26,135.91176470588235,14.975609756097562,15.128205128205128
defaulted,132,0,1233,,27372,468,0.0,0,22.42079207920792,,33.666666666666664,377,425,0,0,0,64.40470588235294,1140.5,0,35.08695652173913,11.458333333333334,17.708333333333332
repaid,497,0,5658,,168711,499,0.00038627438357046286,0,32.48732718894009,,20.69047619047619,376,3051,0,6,0,55.296951819075716,1405.925,6,35.68493150684932,12.801587301587302,25.425
defaulted,114,0,2463,,47618,318,0.0004200210010500525,0,53.25149303251493,,22.191176470588236,393,954,0,6,8,49.914046121593294,721.4848484848485,6,48.645161290322584,6.544117647058823,14.454545454545455
defaulted,157,0,2276,,23050,968,0.0,0,67.2377358490566,,19.272727272727273,392,1214,2,0,18,18.986820428336078,922.0,0,19.236363636363638,7.327272727272727,48.56
defaulted,531,0,14107,,87571,578,0.0003923071308663601,0,50.23753758506093,,48.0722433460076,88,1464,13,43,19,59.81625683060109,668.4809160305343,42,48.2442748091603,10.102661596958175,11.17557251908397
repaid,606,0,7960,,109633,799,0.0015747790722563679,0,78.92498568429089,,10.607287449392713,89,2720,0,103,4,40.30625,577.0157894736842,103,10.757700205338809,5.3785425101214575,14.31578947368421
repaid,105,0,541,,12332,328,0.0,0,61.23780487804878,,2.7333333333333334,397,377,0,0,0,32.710875331564985,274.0444444444444,0,3.6222222222222222,4.516666666666667,8.377777777777778
defaulted,321,0,3808,,47280,804,0.0006702412868632708,0,28.01084689194827,,35.80597014925373,396,1409,0,9,2,33.55571327182399,892.0754716981132,9,,12.925373134328359,26.58490566037736
defaulted,55,0,183,,10582,284,0.0,0,109.80555555555556,,1.2,395,147,0,0,0,71.98639455782313,423.28,0,2.1875,3.1666666666666665,5.88
repaid,222,0,1973,,49873,265,0.00019104021396503963,0,97.33590138674884,,6.690721649484536,394,1324,0,2,3,37.668429003021146,560.370786516854,2,9.803030303030303,8.68041237113402,14.876404494382022
repaid,572,0,6511,,128134,2083,0.00032953864589574595,0,80.39598108747045,,11.878504672897197,82,3969,2,11,22,32.28369866465105,628.1078431372549,11,18.639705882352942,9.19626168224299,19.455882352941178
repaid,339,0,6408,,180333,395,0.0007691124442393477,0,38.90669655365649,,14.756198347107437,181,2837,0,20,0,63.56468100105746,944.151832460733,20,15.866666666666667,6.578512396694215,14.853403141361257
defaulted,16,0,41,,173,158,0.0,0,71.07142857142857,,14.0,80,13,0,0,1,13.307692307692308,86.5,0,13.5,9.0,6.5
repaid,349,0,4019,,156952,465,0.000447447313078885,0,72.79694092827005,,10.031746031746032,81,2123,0,10,12,73.92934526613283,907.2369942196532,10,10.700564971751412,7.925925925925926,12.271676300578035
defaulted,158,0,2355,,15885,262,0.0005268307368104162,0,46.36612021857923,,38.30232558139535,86,708,0,7,1,22.4364406779661,453.85714285714283,7,39.19047619047619,13.255813953488373,20.228571428571428
defaulted,52,0,410,,10271,285,0.0,0,77.45161290322581,,4.520833333333333,87,193,0,0,0,53.21761658031088,244.54761904761904,0,5.2682926829268295,3.8958333333333335,4.595238095238095
repaid,223,0,8278,,29315,123,0.0011146121364113777,0,42.414737436476564,,31.211453744493394,84,1193,0,52,2,24.572506286672255,157.60752688172042,52,45.12101910828026,5.709251101321586,6.413978494623656
defaulted,178,0,2948,,49496,100,0.0008268668108383158,0,48.37063655030801,,14.870229007633588,85,1000,0,13,4,49.496,1053.1063829787233,13,16.78448275862069,5.694656488549619,21.27659574468085
defaulted,121,0,1530,,11409,142,0.00035587188612099647,0,15.069945355191257,,30.5,7,615,0,1,0,18.55121951219512,380.3,1,57.125,11.033333333333333,20.5
defaulted,41,0,367,,8416,268,0.0006435006435006435,0,48.51445086705202,,7.208333333333333,245,194,0,1,2,43.381443298969074,365.9130434782609,1,34.4,4.791666666666667,8.434782608695652
repaid,809,0,12374,,92950,1425,0.003940380332362515,0,64.06178361755661,,77.22302158273381,244,1640,0,460,0,56.676829268292686,852.7522935779816,458,77.2158273381295,20.66906474820144,15.045871559633028
defaulted,86,0,2037,,4362,519,8.145975887911372e-05,0,41.78373983739837,,18.26732673267327,247,192,0,1,0,22.71875,161.55555555555554,1,18.44,4.227722772277228,7.111111111111111
repaid,225,0,3344,,167710,266,0.0010136847440446021,0,38.04228855721393,,7.632911392405063,246,2138,0,8,17,78.44246959775491,1068.216560509554,8,16.283783783783782,7.455696202531645,13.617834394904458
repaid,491,0,3928,,24823,2567,0.00022974101921470342,0,88.16083916083916,,23.66187050359712,241,639,0,11,0,38.846635367762126,2068.5833333333335,11,23.654676258992804,11.453237410071942,53.25
defaulted,168,0,1162,,21218,332,0.0,0,87.46035242290749,,5.181818181818182,240,706,1,0,1,30.053824362606232,249.6235294117647,0,7.0,6.181818181818182,8.305882352941177
repaid,287,0,13926,,82964,136,0.0006095106664366626,0,40.95573679626257,,28.906178489702516,243,1294,0,53,1,64.11437403400309,458.3646408839779,53,28.903890160183067,5.45537757437071,7.149171270718232
defaulted,278,0,4046,,58779,640,0.00012983640612827837,0,55.827799227799225,,30.857142857142858,242,1454,0,3,10,40.42572214580468,699.75,3,39.86153846153846,13.464285714285714,17.30952380952381
repaid,194,0,1090,,29701,139,0.00028686173264486515,0,123.3586956521739,,3.066666666666667,249,906,0,1,3,32.78256070640177,503.40677966101697,1,5.228571428571429,9.0,15.35593220338983
repaid,691,0,16259,,210725,624,0.0001871301256110968,0,57.87541750167001,,43.829268292682926,248,7274,0,16,2,28.969617816882046,1269.4277108433735,16,44.03921568627451,20.209756097560977,43.81927710843374
defaulted,188,0,2631,,7589,383,0.000556947925368978,0,34.74763135228252,,55.404761904761905,179,304,0,8,0,24.963815789473685,189.725,8,56.73170731707317,13.452380952380953,7.6
repaid,222,0,1608,,77762,267,0.001006036217303823,0,98.37096774193549,,0.8378378378378378,178,1546,0,1,2,50.29883570504528,1254.225806451613,1,1.90625,9.702702702702704,24.93548387096774
repaid,244,0,2168,,78504,1302,0.0,0,114.7909090909091,,1.71875,177,1838,1,0,3,42.71164309031556,426.6521739130435,0,5.466666666666667,4.895833333333333,9.98913043478261
repaid,314,0,11904,,109862,378,0.0004406639336600478,0,51.03288888888889,,47.87765957446808,176,2903,0,33,0,37.84429900103341,3543.935483870968,33,47.86702127659574,8.452127659574469,93.64516129032258
repaid,379,0,7868,,183988,3174,0.00026541839590773093,0,81.60598345003183,,19.6375,175,4726,0,11,8,38.93101988997038,1226.5866666666666,11,19.748427672955973,15.425,31.506666666666668
repaid,790,0,7794,,142671,4205,7.967111762643807e-05,0,104.00996590611068,,11.878504672897197,174,3981,0,5,0,35.83798040693293,957.5234899328859,5,12.092063492063492,10.69158878504673,26.71812080536913
repaid,354,0,7773,,160181,176,0.0009572492485593399,0,74.36099976420655,,34.778688524590166,173,3530,0,50,4,45.377053824362605,1497.018691588785,48,36.256410256410255,14.69672131147541,32.99065420560748
defaulted,241,0,3345,,26154,437,0.0014668901927912825,0,98.723155216285,,10.807692307692308,172,1378,0,49,2,18.979680696661827,284.2826086956522,49,10.922222222222222,7.78021978021978,14.978260869565217
defaulted,279,0,1829,,15232,917,0.00039517881841533294,0,55.43887423043096,,12.494505494505495,171,692,0,4,0,22.01156069364162,476.0,4,12.61111111111111,7.164835164835165,21.625
defaulted,60,0,1080,,1283,375,0.000599250936329588,0,41.67427385892116,,48.3,170,114,1,4,2,11.25438596491228,128.3,4,48.25,7.75,11.4
defaulted,188,0,4045,,39811,183,0.0004921920443867735,0,37.568450528935905,,29.245454545454546,182,828,1,11,1,48.080917874396135,947.8809523809524,11,29.236363636363638,6.4363636363636365,19.714285714285715
defaulted,126,0,1377,,21657,36,0.0,0,98.89719626168224,,1.8135593220338984,183,1270,0,0,0,17.052755905511813,424.6470588235294,0,4.818181818181818,6.830508474576271,24.901960784313726
repaid,111,0,6391,,10218,193,0.00010636411983690835,0,22.01057298772169,,39.641891891891895,180,524,0,3,1,19.5,139.97260273972603,3,40.736111111111114,3.9594594594594597,7.178082191780822
repaid,136,0,5196,,90905,88,0.005836981446737544,0,36.01987808110257,,41.46153846153846,2,1423,0,140,4,63.88264230498946,1057.0348837209303,134,60.83870967741935,7.65934065934066,16.546511627906977
defaulted,204,0,1940,,7522,242,0.0002460932693490833,0,30.34890304317056,,12.972477064220184,186,526,10,2,10,14.300380228136882,109.01449275362319,2,13.852941176470589,5.990825688073395,7.6231884057971016
repaid,876,0,90645,,214010,557,0.0011559644977020263,0,27.039017174028615,,132.53598774885145,187,4099,2,497,13,52.21029519394975,1086.3451776649747,460,132.5344563552833,12.101071975497703,20.80710659898477
repaid,629,0,10180,,282680,1505,9.954606992115952e-05,0,73.76804357694054,,30.36986301369863,184,5746,10,5,52,49.19596240863209,2033.6690647482014,5,36.916666666666664,14.712328767123287,41.33812949640288
defaulted,131,0,1016,,20994,330,0.0,0,86.76576576576576,,4.690140845070423,185,683,0,0,0,30.73792093704246,338.61290322580646,0,4.882352941176471,6.352112676056338,11.016129032258064
repaid,1053,0,10644,,218325,2567,0.0003597291083410232,0,72.56402096593037,,18.918727915194346,188,5290,3,23,4,41.27126654064272,1347.6851851851852,23,19.114285714285714,15.879858657243815,32.65432098765432
repaid,431,0,5432,,107420,875,0.00028565307434121257,0,97.70081662954715,,17.38064516129032,189,2738,0,12,7,39.233016800584366,1063.5643564356435,12,17.48701298701299,11.8,27.10891089108911
repaid,298,0,6834,,164327,564,0.000499188818170473,0,31.828227819378263,,66.92424242424242,11,2417,2,12,7,67.98800165494414,2693.8852459016393,12,70.0952380952381,21.681818181818183,39.622950819672134
repaid,230,0,1489,,34356,379,0.000432152117545376,0,120.625,,4.88,10,1367,0,1,2,25.13240673006584,1374.24,1,10.083333333333334,23.8,54.68
defaulted,496,0,13261,,40260,513,0.0005105667290692669,0,46.776009791921666,,30.96212121212121,13,1000,0,51,0,40.26,536.8,49,31.037974683544302,7.345959595959596,13.333333333333334
repaid,599,0,10158,,144964,880,0.0005188157166574433,0,53.82253886010363,,17.66,12,3977,0,30,4,36.450590897661556,655.9457013574661,30,18.284023668639055,8.62,17.995475113122172
defaulted,168,0,8013,,24013,227,0.0014390499476074048,0,57.27958993476235,,53.66428571428571,15,500,0,103,2,48.026,343.04285714285714,91,53.65714285714286,6.378571428571429,7.142857142857143
repaid,144,0,916,,36918,391,0.00026932399676811203,0,118.7860576923077,,4.118811881188119,14,500,0,2,0,73.836,1367.3333333333333,2,4.322916666666667,4.0495049504950495,18.51851851851852
defaulted,53,0,277,,1769,200,0.0006662225183211193,0,56.568627450980394,,9.5625,17,124,0,1,1,14.266129032258064,117.93333333333334,1,11.692307692307692,5.875,8.266666666666667
defaulted,33,0,137,,1123,25,0.0,0,43.095238095238095,,10.5,16,74,0,0,0,15.175675675675675,224.6,0,12.4,8.333333333333334,14.8
repaid,469,0,4065,,83491,434,0.0006733156587972899,0,103.95792426367461,,8.608433734939759,19,2636,0,16,3,31.673368740515933,637.3358778625955,16,9.095541401273886,10.674698795180722,20.12213740458015
defaulted,128,0,2083,,27641,293,0.002414928649835346,0,37.231147540983606,,21.857142857142858,18,859,0,22,2,32.178114086146685,575.8541666666666,22,24.44,7.517857142857143,17.895833333333332
defaulted,267,0,2689,,13590,724,0.00021481354184567795,0,64.00826067003213,,8.198501872659175,62,500,0,5,0,27.18,849.375,5,8.194756554307116,4.254681647940075,31.25
repaid,87,0,367,,4752,67,0.0,0,108.5,,1.1515151515151516,322,329,59,0,62,14.443768996960486,148.5,0,2.3125,5.393939393939394,10.28125
defaulted,418,0,2664,,16547,1349,6.220452848967405e-05,0,45.42467652495379,,32.298507462686565,323,500,0,1,0,33.094,636.4230769230769,1,32.28358208955224,12.925373134328359,19.23076923076923
repaid,92,0,944,,11991,784,0.00010192640913260625,0,97.40498442367601,,15.658536585365853,320,302,0,1,1,39.705298013245034,324.0810810810811,1,16.025,8.512195121951219,8.162162162162161
defaulted,95,0,520,,8311,200,0.00035650623885918,0,51.486666666666665,,16.666666666666668,321,220,0,1,0,37.777272727272724,488.88235294117646,1,19.933333333333334,10.61111111111111,12.941176470588236
defaulted,16,0,56,,2806,32,0.0,0,116.2,,3.75,326,41,0,0,0,68.4390243902439,935.3333333333334,0,3.5,5.0,13.666666666666666
repaid,362,0,8795,,55943,797,0.00036940613566000566,0,57.084956057211784,,16.45042492917847,327,2988,1,21,2,18.722556894243642,443.9920634920635,21,17.276785714285715,4.062322946175637,23.714285714285715
repaid,76,0,1003,,10105,123,0.0,0,30.073849878934624,,30.59259259259259,324,177,0,0,0,57.090395480225986,459.3181818181818,0,35.869565217391305,7.2592592592592595,8.045454545454545
repaid,262,0,2925,,69399,169,0.00035293740173901884,0,121.01797892126473,,8.146464646464647,325,1312,0,11,7,52.895579268292686,433.74375,11,9.159090909090908,6.358585858585859,8.2
defaulted,145,0,1387,,14114,217,0.00019692792437967703,0,32.041713641488165,,35.48,328,500,0,1,4,28.228,588.0833333333334,1,73.83333333333333,10.28,20.833333333333332
repaid,236,0,4551,,41418,330,0.0010437596221590168,0,63.33388658367912,,18.53846153846154,329,936,0,40,2,44.25,410.0792079207921,38,18.628865979381445,6.266666666666667,9.267326732673267
defaulted,225,0,1696,,45189,380,0.0,0,27.193633952254643,,20.944444444444443,201,942,0,0,0,47.97133757961783,1255.25,0,31.375,11.11111111111111,26.166666666666668
defaulted,571,0,9274,,37012,448,0.0002822635828657452,0,109.16519292604502,,13.332142857142857,200,1808,0,33,12,20.471238938053098,203.36263736263737,32,13.330357142857142,6.557142857142857,9.934065934065934
defaulted,59,0,722,,3854,223,0.000997506234413965,0,22.190064794816415,,17.14814814814815,203,259,0,2,1,14.88030888030888,175.1818181818182,2,33.0,5.296296296296297,11.772727272727273
repaid,377,0,3129,,148520,845,0.0009592326139088729,0,79.26751592356688,,1.7065217391304348,202,2815,0,4,2,52.760213143872114,945.9872611464968,4,3.0388349514563107,8.945652173913043,17.929936305732483
repaid,163,0,1819,,32355,100,0.0,0,134.89837398373984,,1.2238805970149254,205,1573,11,0,13,20.568976478067388,165.0765306122449,0,4.016393442622951,3.825870646766169,8.025510204081632
defaulted,20,0,77,,400,190,0.0,0,66.93548387096774,,15.5,204,15,0,0,0,26.666666666666668,133.33333333333334,0,20.333333333333332,6.25,5.0
defaulted,119,0,577,,49427,394,0.0,0,166.0,,0.616,207,500,0,0,0,98.854,405.1393442622951,0,6.909090909090909,2.528,4.098360655737705
defaulted,29,0,87,,1697,204,0.0,0,39.81818181818182,,1.8333333333333333,206,65,0,0,0,26.107692307692307,141.41666666666666,0,2.1,3.5833333333333335,5.416666666666667
repaid,429,0,5519,,160426,976,0.0005088022794342118,0,77.70426065162907,,7.393518518518518,209,3922,2,10,10,40.90413054563998,886.3314917127071,10,7.780487804878049,9.875,21.668508287292816
defaulted,31,0,111,,2712,99,0.0,0,52.5,,0.8571428571428571,208,105,0,0,0,25.82857142857143,387.42857142857144,0,2.5,6.714285714285714,15.0
defaulted,75,0,638,,11754,61,0.0,0,104.3943661971831,,14.2,77,425,0,0,0,27.656470588235294,783.6,0,15.142857142857142,12.266666666666667,28.333333333333332
repaid,830,0,6465,,119671,859,3.567351598173516e-05,0,107.3162100456621,,9.744444444444444,76,4711,0,1,0,25.40246232222458,1459.4024390243903,1,9.848314606741573,13.994444444444444,57.451219512195124
defaulted,405,0,2414,,56534,696,0.0003679852805887764,0,62.59586466165413,,5.076190476190476,75,1881,0,2,3,30.055289739500267,635.2134831460675,2,9.654545454545454,9.380952380952381,21.134831460674157
defaulted,100,0,848,,25225,405,0.0008424599831508003,0,80.80669144981412,,6.255813953488372,74,579,0,3,0,43.56649395509499,600.5952380952381,3,14.88888888888889,6.441860465116279,13.785714285714286
repaid,65,0,417,,6681,256,0.0,0,128.04819277108433,,1.3833333333333333,73,334,0,0,0,20.00299401197605,155.37209302325581,0,2.5625,2.683333333333333,7.767441860465116
repaid,417,0,3521,,90034,603,0.00032357971617436325,0,101.686994856723,,8.349693251533742,72,2160,0,7,1,41.68240740740741,744.0826446280992,7,8.831168831168831,10.539877300613497,17.85123966942149
defaulted,170,0,675,,6062,124,0.0,0,68.40939597315436,,14.9,71,377,2,0,2,16.079575596816976,319.05263157894734,0,19.8,12.75,19.842105263157894
defaulted,113,0,416,,12108,1945,0.0,0,86.33333333333333,,6.923076923076923,70,326,0,0,1,37.14110429447853,931.3846153846154,0,8.9,14.615384615384615,25.076923076923077
repaid,22,0,132,,577,312,0.0,0,105.9795918367347,,7.0,79,83,0,0,0,6.951807228915663,82.42857142857143,0,6.857142857142857,6.0,11.857142857142858
repaid,467,0,14207,,97866,846,0.0007028706717963894,0,34.7207087659043,,55.71739130434783,78,1392,0,57,0,70.30603448275862,1179.1084337349398,57,55.47186147186147,10.273913043478261,16.771084337349397
repaid,85,0,707,,6034,144,0.0,0,27.712737127371273,,11.181818181818182,8,338,0,0,5,17.85207100591716,194.6451612903226,0,16.727272727272727,6.424242424242424,10.903225806451612
repaid,389,0,12534,,152023,489,0.00439933949642629,0,46.62603761689608,,40.84978540772532,120,3016,0,365,10,50.40550397877984,771.6903553299493,360,43.25909090909091,11.064377682403434,15.309644670050762
repaid,171,0,1615,,24356,432,0.0023872045834328003,0,29.320665083135392,,11.534246575342467,121,773,0,10,0,31.508408796895214,343.0422535211268,10,20.023809523809526,6.465753424657534,10.887323943661972
defaulted,219,0,2141,,14911,1047,9.335324869305452e-05,0,36.67681789931635,,11.251748251748252,122,532,0,1,0,28.028195488721803,828.3888888888889,1,11.32394366197183,4.230769230769231,29.555555555555557
defaulted,262,0,1907,,30586,308,0.0,0,108.50558035714286,,6.892307692307693,123,1011,0,0,0,30.253214638971315,443.27536231884056,0,9.623655913978494,6.2615384615384615,14.652173913043478
repaid,777,0,6975,,217178,638,0.00019017191541153202,0,106.1228978007762,,6.023346303501945,124,5427,0,5,0,40.01805785885388,1308.301204819277,5,6.445833333333334,13.04669260700389,32.69277108433735
defaulted,220,0,9258,,27080,671,0.0006834522540255338,0,49.3276236153934,,39.27354260089686,125,500,0,50,0,54.16,1504.4444444444443,49,39.26905829596413,8.237668161434977,27.77777777777778
defaulted,252,0,2290,,53443,421,0.0001554726368159204,0,80.62,,6.25,126,1790,0,1,6,29.856424581005587,668.0375,1,11.088888888888889,11.5375,22.375
repaid,314,0,5118,,110857,569,0.00013921759710427398,0,94.24368600682594,,8.01639344262295,127,3651,1,3,3,30.36346206518762,724.5555555555555,3,8.726190476190476,10.573770491803279,23.862745098039216
defaulted,102,0,680,,3733,231,0.0,0,96.93,,4.545454545454546,128,380,0,0,1,9.823684210526316,71.78846153846153,0,4.671875,4.893939393939394,7.3076923076923075
defaulted,428,0,16116,,73792,1695,0.00031207897881668783,0,53.850087589273684,,33.581447963800905,129,1273,0,41,2,57.96700706991359,983.8933333333333,41,33.57918552036199,7.031674208144796,16.973333333333333
defaulted,124,0,231,,289,174,0.0,0,29.885714285714286,,210.0,319,21,0,0,0,13.761904761904763,289.0,0,209.0,124.0,21.0
defaulted,111,0,5731,,14660,75,0.0028529677823394338,0,28.746503496503497,,39.56488549618321,318,548,2,82,5,26.751824817518248,170.46511627906978,81,60.25581395348837,3.183206106870229,6.372093023255814
defaulted,383,0,7434,,72896,342,0.0007510125258160555,0,34.51359567640601,,42.02127659574468,313,1509,0,28,0,48.30748840291584,520.6857142857143,28,80.05405405405405,8.432624113475176,10.778571428571428
repaid,644,0,11824,,268050,958,0.00029330595811057633,0,107.64502070167792,,24.285714285714285,312,7234,0,22,2,37.05418855405032,1707.3248407643312,22,25.214285714285715,20.693121693121693,46.07643312101911
defaulted,100,0,761,,19703,706,0.00022815423226100844,0,118.34677419354838,,6.048780487804878,311,513,0,1,2,38.407407407407405,480.5609756097561,1,27.444444444444443,7.560975609756097,12.512195121951219
repaid,94,0,924,,27099,487,0.0003202049311559398,0,99.0495283018868,,7.851851851851852,310,500,0,2,0,54.198,2258.25,2,7.833333333333333,5.037037037037037,41.666666666666664
repaid,492,0,9561,,52393,322,0.00034216791890620324,0,53.83141386914972,,27.76530612244898,317,1398,0,24,3,37.47711015736767,444.00847457627117,23,27.761904761904763,9.068027210884354,11.847457627118644
defaulted,163,0,1474,,30687,398,0.0,0,80.72105263157894,,4.75,316,1284,0,0,2,23.899532710280372,767.175,0,62.666666666666664,9.225,32.1
defaulted,111,0,1972,,25989,104,0.0,0,114.02904238618524,,15.925,315,698,0,0,1,37.23352435530086,341.9605263157895,0,16.532467532467532,8.55,9.18421052631579
repaid,281,0,5010,,71771,284,0.0012673798784806351,0,37.40853506363863,,50.125,314,1000,1,34,2,71.771,1794.275,32,62.640625,11.325,25.0
defaulted,105,0,567,,11151,200,0.0,0,90.064,,4.8076923076923075,3,442,0,0,1,25.228506787330318,446.04,0,8.857142857142858,9.153846153846153,17.68
defaulted,82,0,592,,11871,434,0.0,0,33.20681265206812,,29.357142857142858,368,181,0,0,0,65.58563535911603,913.1538461538462,0,82.0,7.928571428571429,13.923076923076923
repaid,340,0,18186,,376987,189,0.0005905467099734254,0,45.67446968746078,,40.88717948717949,369,2240,0,78,0,168.29776785714284,3222.1111111111113,78,40.88461538461539,6.423076923076923,19.145299145299145
defaulted,88,0,326,,5255,71,0.0,0,139.05882352941177,,0.6415094339622641,366,292,3,0,10,17.996575342465754,114.23913043478261,0,1.9411764705882353,3.0377358490566038,6.3478260869565215
defaulted,62,0,705,,1236,64,0.00020567667626491157,0,43.26429675425039,,12.442307692307692,367,58,0,1,0,21.310344827586206,137.33333333333334,1,12.423076923076923,4.096153846153846,6.444444444444445
defaulted,188,0,1687,,35968,233,0.0014811438988264784,0,74.97650513950073,,8.5125,364,1006,0,13,4,35.75347912524851,492.71232876712327,13,13.333333333333334,10.2375,13.780821917808218
repaid,327,0,10376,,21204,375,0.0013556536921022903,0,26.850160345018246,,45.482412060301506,365,1325,0,66,9,16.003018867924528,116.50549450549451,66,62.84722222222222,6.824120603015075,7.28021978021978
repaid,36,0,85,,936,489,0.0024937655860349127,0,147.7076923076923,,1.7105263157894737,362,20,0,4,0,46.8,133.71428571428572,4,1.7777777777777777,1.631578947368421,2.857142857142857
repaid,147,0,751,,9362,11256,0.00035254715318173806,0,93.73821989528795,,4.716049382716049,363,369,7,2,7,25.37127371273713,260.05555555555554,2,4.9480519480519485,4.395061728395062,10.25
defaulted,483,0,8594,,168950,597,0.0005805033793589584,0,52.42360114777618,,57.5360824742268,360,3013,0,28,0,56.07368071689346,2448.550724637681,28,57.52577319587629,22.09278350515464,43.666666666666664
repaid,376,0,4069,,111059,603,7.676659117951867e-05,0,93.82558806655192,,10.31360946745562,361,2326,1,2,0,47.74677558039553,1121.8080808080808,2,10.557575757575757,9.976331360946746,23.494949494949495
repaid,73,0,646,,21460,238,0.00023207240659085636,0,109.81012658227849,,4.388888888888889,380,409,0,1,1,52.469437652811735,420.7843137254902,1,5.0212765957446805,5.388888888888889,8.019607843137255
defaulted,62,0,269,,6244,334,0.0,0,49.48421052631579,,6.333333333333333,381,174,0,0,0,35.88505747126437,446.0,0,13.428571428571429,6.333333333333333,12.428571428571429
defaulted,230,0,1874,,28336,526,0.0,0,249.584,,2.6881720430107525,382,1624,0,0,1,17.448275862068964,308.0,0,9.222222222222221,10.129032258064516,17.652173913043477
repaid,356,0,5599,,266762,1086,0.0,0,53.329032258064515,,11.76551724137931,383,3893,0,0,5,68.52350372463395,2223.016666666667,0,18.311827956989248,9.917241379310346,32.44166666666667
defaulted,603,0,21149,,15578,669,0.0005313537800351631,0,41.236157697729816,,52.66496163682864,384,557,0,68,0,27.967684021543985,445.0857142857143,67,52.66240409207161,9.751918158567776,15.914285714285715
defaulted,437,0,2278,,66277,291,0.0006601749463607857,0,42.92159383033419,,8.365591397849462,385,1500,0,4,0,44.184666666666665,1052.015873015873,4,12.933333333333334,9.623655913978494,23.80952380952381
repaid,236,0,2511,,146608,167,0.0,0,78.47383720930233,,3.026315789473684,386,2166,0,0,3,67.68605724838412,1320.7927927927929,0,5.830508474576271,9.008771929824562,19.513513513513512
defaulted,26,0,52,,1042,421,0.0,0,89.6923076923077,,1.0,387,39,0,0,0,26.71794871794872,86.83333333333333,0,3.0,2.3076923076923075,3.25
repaid,410,0,17344,,162899,337,0.0008241357007239876,0,36.16965989079666,,77.98461538461538,388,2137,0,79,1,76.22788956481048,866.4840425531914,79,84.94972067039106,10.584615384615384,11.367021276595745
repaid,2158,0,17210,,419800,1411,0.0004805151122002787,0,65.43094514918707,,19.877659574468087,389,5999,0,60,0,69.97832972162027,4156.435643564357,60,20.196396396396395,13.01418439716312,59.396039603960396
repaid,1208,0,12042,,80468,1149,0.0009268226644589542,0,54.14740769083604,,16.843800322061192,60,1582,1,89,0,50.86472819216182,914.4090909090909,89,17.08823529411765,8.254428341384862,17.977272727272727
defaulted,238,0,1845,,19410,13850,0.0005345021112833396,0,86.437125748503,,3.7298050139275767,61,506,0,10,0,38.359683794466406,669.3103448275862,10,3.7374301675977653,2.6128133704735377,17.448275862068964
repaid,339,0,4092,,112095,1472,0.00022469385462307607,0,113.54583333333333,,3.6717557251908395,258,3611,0,2,0,31.04264746607588,875.7421875,2,8.553571428571429,11.274809160305344,28.2109375
repaid,279,0,5128,,120439,290,7.447236330597715e-05,0,117.3084727173019,,8.050772626931566,259,1481,0,5,3,81.32275489534099,792.3618421052631,5,8.048565121412803,4.039735099337748,9.743421052631579
repaid,6,0,15,,220,59,0.0,0,112.54545454545455,,5.5,64,4,0,0,0,55.0,110.0,0,5.0,3.5,2.0
repaid,164,0,4688,,35897,235,0.0018485955182830605,0,32.694132029339855,,20.45,65,598,0,41,0,60.02842809364549,317.6725663716814,40,21.75,4.515,5.292035398230088
repaid,208,1,4790,,91691,337,0.0002257548678393378,0,122.2010989010989,,12.63888888888889,66,2060,0,12,2,44.51019417475728,641.1958041958042,12,12.63425925925926,8.796296296296296,14.405594405594405
defaulted,110,0,879,,35260,468,0.0,0,94.34828496042216,,10.527777777777779,67,500,0,0,1,70.52,1533.0434782608695,0,10.5,10.527777777777779,21.73913043478261
repaid,301,0,10471,,59254,524,0.002934858627235488,0,48.16919694272851,,98.56701030927834,68,910,0,235,0,65.11428571428571,955.7096774193549,201,98.55670103092784,13.56701030927835,14.67741935483871
repaid,1059,0,48269,,80818,1776,0.0003878153585223718,0,23.324180516323985,,179.89370078740157,69,2576,0,75,1,31.373447204968944,928.9425287356322,74,184.23387096774192,21.543307086614174,29.60919540229885
repaid,204,0,6083,,115643,1167,0.0021201038850903694,0,65.2589058524173,,43.26605504587156,250,1367,0,120,4,84.59619604974397,1376.702380952381,115,43.24770642201835,10.247706422018348,16.273809523809526
repaid,164,0,980,,24346,698,0.0005151983513652757,0,63.19928825622776,,13.707317073170731,251,418,0,3,0,58.24401913875598,1281.3684210526317,3,17.0,8.878048780487806,22.0
repaid,531,0,8111,,336386,820,0.0004841275330244139,0,111.4639303482587,,6.2890625,256,7306,11,7,17,46.04243087872981,2780.0495867768595,7,9.792682926829269,21.8125,60.3801652892562
defaulted,305,0,3333,,36374,155,0.0003489531405782652,0,70.00935093509351,,16.38738738738739,257,1514,0,7,3,24.025099075297227,391.1182795698925,7,26.347826086956523,9.513513513513514,16.27956989247312
repaid,212,0,2807,,65257,288,0.0,0,55.23163841807909,,2.8629032258064515,254,2452,0,0,0,26.613784665579118,526.266129032258,0,8.634146341463415,9.403225806451612,19.774193548387096
defaulted,94,0,1685,,11506,184,0.0,0,32.971240755957275,,27.044444444444444,255,468,7,0,7,24.585470085470085,383.53333333333336,0,32.0,5.133333333333334,15.6
defaulted,208,0,1540,,18369,492,6.775526797208483e-05,0,85.9487922705314,,18.157894736842106,168,505,0,1,1,36.37425742574258,322.2631578947368,1,18.464285714285715,9.68421052631579,8.859649122807017
defaulted,267,0,2824,,46540,426,0.00010700909577314071,0,30.898474178403756,,28.93220338983051,169,1117,0,1,5,41.665174574753806,802.4137931034483,1,74.17391304347827,11.661016949152541,19.25862068965517
defaulted,121,0,1097,,11766,546,7.99488327470419e-05,0,114.38812154696133,,4.891891891891892,164,373,0,1,2,31.544235924932977,560.2857142857143,1,4.918367346938775,2.9054054054054053,17.761904761904763
repaid,464,0,10737,,212369,545,0.00017618868633715467,0,68.12240466820464,,38.99470899470899,165,3367,0,15,0,63.073656073656075,2123.69,15,45.20245398773006,8.185185185185185,33.67
defaulted,150,0,2506,,25108,420,0.0009391435011269722,0,26.91108891108891,,38.57692307692308,166,500,0,10,0,50.216,1195.6190476190477,10,39.31372549019608,8.115384615384615,23.80952380952381
repaid,454,0,5150,,46278,955,2.0409412821193134e-05,0,97.35288697788698,,16.875647668393782,167,1893,0,1,4,24.44690966719493,310.59060402684565,1,16.865284974093264,8.367875647668393,12.704697986577182
defaulted,16,0,41,,643,22,0.0,0,89.57142857142857,,3.5,160,27,0,0,0,23.814814814814813,160.75,0,6.5,5.75,6.75
repaid,199,0,3230,,25015,161,0.00023791114018913937,0,49.25423728813559,,18.114035087719298,161,1165,0,4,2,21.472103004291846,287.5287356321839,4,20.64,8.81578947368421,13.39080459770115
defaulted,215,0,3313,,11682,210,0.00041478286117217636,0,54.70051319648094,,18.38255033557047,162,574,4,10,7,20.35191637630662,224.65384615384616,10,18.625850340136054,6.087248322147651,11.038461538461538
defaulted,287,0,2188,,15182,691,0.0001463860933211345,0,103.74407582938389,,9.026737967914439,163,500,0,4,0,30.364,660.0869565217391,4,9.06989247311828,4.032085561497326,21.73913043478261
repaid,656,0,11344,,292226,1170,0.00020912189715385098,0,121.83669585078036,,12.0,9,8716,0,10,14,33.52753556677375,1729.1479289940828,10,12.804878048780488,17.39269406392694,51.57396449704142
defaulted,93,0,1383,,13119,530,0.0006816632583503749,0,51.4496699669967,,63.78947368421053,357,171,0,7,1,76.71929824561404,1192.6363636363637,7,75.6875,10.210526315789474,15.545454545454545
defaulted,15,0,48,,315,42,0.0,0,103.65789473684211,,9.5,356,10,0,0,0,31.5,105.0,0,12.333333333333334,4.25,3.3333333333333335
defaulted,226,0,3770,,37510,295,0.00021396476713501176,0,25.9996632996633,,30.63917525773196,355,798,1,3,0,47.00501253132832,646.7241379310345,3,32.29347826086956,9.051546391752577,13.758620689655173
repaid,264,0,2225,,31533,263,0.00011984659635666346,0,71.65142857142857,,7.446808510638298,354,1525,0,1,1,20.67737704918033,394.1625,1,7.853932584269663,9.01063829787234,19.0625
defaulted,344,0,3068,,68146,417,8.927774305865548e-05,0,93.98403575989784,,9.73913043478261,353,1500,0,2,1,45.43066666666667,2129.5625,2,9.79375,7.490683229813665,46.875
defaulted,279,0,974,,35309,521,0.00024515812699190976,0,50.55296610169491,,7.645161290322581,352,500,0,1,1,70.618,4413.625,1,7.629032258064516,6.935483870967742,62.5
defaulted,135,0,5844,,21157,197,0.000596994558821021,0,65.54059040590406,,10.629411764705882,351,423,0,35,0,50.016548463356976,264.4625,30,10.669291338582678,2.6058823529411765,5.2875
defaulted,238,0,4121,,57210,195,0.00024512207079125406,0,41.649028077753776,,81.76470588235294,350,1341,0,5,1,42.66219239373602,1907.0,5,81.73529411764706,24.647058823529413,44.7
repaid,222,0,2784,,24651,109,0.000243828101188662,0,70.24915139171759,,7.717948717948718,359,1279,2,4,28,19.27365129007037,131.8235294117647,4,12.638655462184873,5.712820512820513,6.839572192513369
repaid,271,0,19011,,54235,253,0.0002586557292244023,0,23.752443178645223,,161.32432432432432,358,1104,0,21,4,49.12590579710145,511.6509433962264,21,170.53333333333333,12.531531531531531,10.415094339622641
repaid,307,0,3755,,59562,322,0.000742274485291245,0,64.25740592473979,,10.296296296296296,216,1253,1,19,8,47.53551476456504,262.38766519823787,17,16.45394736842105,4.946502057613169,5.5198237885462555
defaulted,68,0,1542,,1512,79,0.0004580152671755725,0,21.712905452035887,,38.18421052631579,217,91,0,3,3,16.615384615384617,108.0,3,39.189189189189186,5.0,6.5
repaid,504,0,7038,,251036,572,0.0002641833432402087,0,111.2114554727344,,11.746543778801843,214,4489,0,12,1,55.92247716640677,1156.847926267281,12,11.741935483870968,16.8110599078341,20.68663594470046
repaid,294,0,3316,,96036,124,0.0003711401425178147,0,127.1922077922078,,4.370786516853933,215,2538,1,5,23,37.839243498817964,548.7771428571428,5,8.633333333333333,8.067415730337078,14.502857142857144
defaulted,270,0,17867,,20991,198,0.00029453635069461487,0,25.47744165946413,,82.7,212,500,0,24,0,41.982,1234.764705882353,24,82.6952380952381,8.89047619047619,29.41176470588235
defaulted,183,0,6755,,12256,345,0.0008923923551721574,0,36.88743116294137,,108.54385964912281,213,568,3,36,4,21.577464788732396,306.4,36,108.52631578947368,11.894736842105264,14.2
repaid,389,0,12141,,208688,475,0.0005157075937943186,0,30.21929411764706,,76.03571428571429,210,3625,0,24,2,57.56910344827586,1968.754716981132,24,92.54347826086956,19.723214285714285,34.198113207547166
repaid,323,0,9868,,107672,254,0.0018407731247123793,0,21.3905604719764,,45.20666666666666,211,3087,0,52,11,34.87917071590541,722.6308724832214,51,56.03305785123967,13.526666666666667,20.71812080536913
defaulted,157,0,2116,,5633,249,0.0003718163227365681,0,15.794871794871796,,37.520833333333336,218,315,0,2,1,17.882539682539683,131.0,2,38.297872340425535,8.75,7.325581395348837
defaulted,475,0,2407,,36381,434,0.0002897039225911119,0,101.03038936372269,,20.666666666666668,219,1353,0,5,3,26.889135254988915,1212.7,5,20.647058823529413,21.11764705882353,45.1
defaulted,112,0,2320,,20949,296,0.00031138097462245055,0,61.85579937304075,,35.44444444444444,289,406,0,6,0,51.59852216748769,410.7647058823529,6,38.26,9.185185185185185,7.96078431372549
defaulted,165,0,3086,,32533,140,0.0005457522284882663,0,40.254604993860006,,67.94444444444444,288,640,6,9,7,50.8328125,1414.4782608695652,9,69.85714285714286,19.77777777777778,27.82608695652174
repaid,213,0,12297,,122008,711,0.00022784440960956583,0,33.3369131343851,,42.59919028340081,4,1775,0,25,4,68.7369014084507,575.5094339622641,25,56.564516129032256,4.825910931174089,8.372641509433961
defaulted,486,0,3605,,14156,325,0.0006209380303845676,0,53.069395017793596,,54.05769230769231,281,794,0,15,0,17.828715365239294,745.0526315789474,12,54.03846153846154,15.942307692307692,41.78947368421053
repaid,533,0,10200,,238544,258,0.001253099421441331,0,33.117503911002956,,23.610655737704917,280,4439,2,47,13,53.73822933093039,981.6625514403293,45,43.63636363636363,11.192622950819672,18.267489711934157
defaulted,141,0,1427,,14214,244,0.0,0,118.92727272727272,,1.1224489795918366,283,1372,0,0,3,10.360058309037901,355.35,0,3.857142857142857,10.183673469387756,34.3
defaulted,77,0,559,,15462,160,0.0,0,71.78191489361703,,6.962962962962963,282,371,0,0,0,41.67654986522911,618.48,0,12.466666666666667,8.185185185185185,14.84
repaid,1497,0,22287,,575396,1592,0.00045276731382208054,0,97.73752628560504,,13.752956636005257,285,11821,0,75,2,48.67574655274512,4294.0,75,13.787878787878787,11.93035479632063,88.21641791044776
defaulted,100,0,659,,14507,289,0.00078003120124805,0,52.87074829931973,,7.7368421052631575,284,512,0,1,0,28.333984375,853.3529411764706,1,10.428571428571429,15.368421052631579,30.11764705882353
repaid,188,0,3207,,21564,209,0.0006858486560632287,0,72.36559561128527,,28.355555555555554,287,655,0,21,0,32.922137404580155,266.22222222222223,21,28.344444444444445,7.2444444444444445,8.08641975308642
repaid,497,0,9810,,98892,766,2.2085049525723562e-05,0,105.09702158016765,,25.616438356164384,286,4200,0,2,2,23.545714285714286,804.0,2,25.61187214611872,14.28310502283105,34.146341463414636
defaulted,173,0,1499,,23799,781,0.0,0,122.27027027027027,,10.121212121212121,263,1165,0,0,2,20.42832618025751,820.6551724137931,0,13.28,12.757575757575758,40.172413793103445
repaid,382,0,7304,,80055,516,0.0023234050792216594,0,37.58563416738568,,63.534246575342465,262,2666,0,72,0,30.02813203300825,1231.6153846153845,69,69.2089552238806,18.54794520547945,41.01538461538462
defaulted,336,0,13931,,40388,1394,0.0013925975137662736,0,29.89099526066351,,186.94285714285715,261,845,0,109,9,47.79644970414201,878.0,108,186.92857142857142,15.2,18.369565217391305
repaid,89,0,890,,24102,53,0.0,0,129.7263157894737,,2.533333333333333,260,700,0,0,3,34.43142857142857,354.44117647058823,0,5.4,4.88,10.294117647058824
repaid,366,0,4871,,126778,139,7.696748123917645e-05,0,92.60720130932897,,10.071428571428571,267,3038,0,2,0,41.73074391046741,797.3459119496855,2,11.308641975308642,9.142857142857142,19.10691823899371
repaid,262,0,3425,,88150,306,0.0003609065973726,0,113.95454545454545,,5.821705426356589,266,2674,0,5,4,32.96559461480928,780.0884955752213,5,6.0,10.7984496124031,23.663716814159294
defaulted,231,0,1218,,7621,634,0.0007468259895444362,0,59.64942528735632,,3.959090909090909,265,347,0,7,0,21.962536023054756,448.29411764705884,7,3.9908256880733943,2.9272727272727272,20.41176470588235
repaid,99,0,963,,16115,153,0.0,0,130.044776119403,,4.276595744680851,264,762,0,0,0,21.14829396325459,374.7674418604651,0,8.695652173913043,7.319148936170213,17.72093023255814
repaid,421,0,7814,,23719,433,0.00021346235947061336,0,48.28556895800029,,32.92822966507177,269,932,0,12,6,25.449570815450645,578.5121951219512,11,32.91866028708134,8.83732057416268,22.73170731707317
defaulted,128,0,604,,11269,223,0.0,0,103.42857142857143,,1.1666666666666667,268,576,0,0,2,19.56423611111111,469.5416666666667,0,3.857142857142857,9.958333333333334,24.0
repaid,219,0,6504,,58132,420,0.0006820965166571069,0,67.78002223869532,,28.405263157894737,59,1107,0,44,2,52.51309846431798,1002.2758620689655,44,28.4,8.189473684210526,19.086206896551722
defaulted,292,0,3537,,65824,571,0.00074011418904631,0,43.52053712480253,,33.31578947368421,58,1005,0,14,1,65.49651741293532,1061.6774193548388,14,33.28947368421053,9.960526315789474,16.20967741935484
defaulted,243,0,1485,,22783,737,0.0,0,86.44802867383513,,4.2272727272727275,55,1206,2,0,4,18.891376451077942,367.46774193548384,0,4.842105263157895,10.424242424242424,19.451612903225808
repaid,328,0,6072,,29180,330,8.726384222697326e-05,0,118.55005015045136,,14.371757925072046,54,1085,1,8,3,26.89400921658986,208.42857142857142,6,14.368876080691642,6.121037463976945,7.75
repaid,572,0,14033,,268620,205,0.00031545077916342453,0,49.93614327062229,,38.52613240418118,57,2976,3,30,6,90.26209677419355,1428.8297872340424,30,41.875,7.585365853658536,15.829787234042554
defaulted,266,0,9274,,108709,235,0.0001567250728771589,0,28.275799538410816,,88.20289855072464,56,3188,2,5,2,34.099435382685066,1647.1060606060605,5,103.11864406779661,14.565217391304348,48.303030303030305
repaid,80,0,511,,12137,129,0.0,0,101.59375,,1.0,51,479,0,0,7,25.338204592901878,379.28125,0,3.3333333333333335,5.46875,14.96875
defaulted,66,0,517,,16374,211,0.0,0,40.529411764705884,,0.6538461538461539,50,500,0,0,1,32.748,629.7692307692307,0,16.0,6.923076923076923,19.23076923076923
defaulted,136,0,693,,19345,386,0.0,0,70.9,,0.17857142857142858,53,683,1,0,2,28.323572474377745,351.72727272727275,0,1.5,6.357142857142857,12.418181818181818
repaid,552,0,3992,,124173,1053,0.00011473152822395595,0,83.28169014084507,,30.6,52,2003,0,3,0,61.993509735396906,4139.1,3,30.584615384615386,25.246153846153845,66.76666666666667
repaid,532,0,10730,,118947,174,0.00039369217646158223,0,32.02248447204969,,73.19090909090909,63,2679,0,18,2,44.399776035834265,1524.9615384615386,18,79.70297029702971,18.28181818181818,34.34615384615385
defaulted,252,0,3366,,35135,799,0.000280662363177098,0,105.68710359408034,,19.227642276422763,115,1001,0,11,5,35.0999000999001,1097.96875,11,19.211382113821138,8.894308943089431,31.28125
defaulted,88,0,1285,,60754,155,0.0004623208506703652,0,50.60662251655629,,7.947368421052632,252,530,0,3,6,114.63018867924528,979.9032258064516,3,9.425,4.2,8.548387096774194
defaulted,181,0,750,,13229,2142,0.001081081081081081,0,39.488,,7.575757575757576,117,500,0,2,0,26.458,1102.4166666666667,2,7.78125,10.575757575757576,41.666666666666664
defaulted,110,0,544,,13647,1408,0.0,0,40.54545454545455,,1.4666666666666666,116,500,0,0,1,27.294,470.58620689655174,0,3.5833333333333335,6.666666666666667,17.24137931034483
defaulted,108,0,1055,,21022,594,0.0,0,19.476578411405296,,15.34375,111,564,0,0,0,37.273049645390074,656.9375,0,98.0,8.96875,17.625
defaulted,343,0,6491,,49209,462,0.0011611625286021652,0,30.48402856069147,,108.65306122448979,110,1167,0,34,1,42.167095115681235,1405.9714285714285,34,156.55882352941177,19.102040816326532,33.34285714285714
repaid,236,0,5182,,32924,137,0.0006787212196098223,0,77.86292486583184,,19.443478260869565,113,710,0,39,0,46.371830985915494,293.9642857142857,37,20.89252336448598,5.3,6.339285714285714
repaid,202,0,4941,,31576,118,3.0110505555388275e-05,0,111.82146596858638,,8.815668202764977,253,3028,0,1,3,10.428005284015851,228.81159420289856,1,9.465346534653465,5.387096774193548,21.942028985507246
defaulted,106,0,1762,,26178,45,0.0006506710044733631,0,51.05142083897158,,77.78947368421052,119,284,0,8,0,92.17605633802818,1454.3333333333333,8,77.73684210526316,18.789473684210527,15.777777777777779
repaid,352,0,5452,,116192,418,0.00028785952455201864,0,99.35471698113207,,13.019607843137255,118,2796,0,12,1,41.55650929899857,900.7131782945736,12,13.014705882352942,10.632352941176471,21.674418604651162
repaid,292,0,13812,,147481,249,0.0004024024919146907,0,32.72596999916199,,64.16129032258064,308,1878,0,27,10,78.53088391906283,814.8121546961326,27,74.11801242236025,7.731182795698925,10.375690607734807
repaid,575,0,4568,,147917,667,0.00022543847783939764,0,111.26746987951807,,4.932806324110672,309,3320,14,5,3,44.55331325301205,684.800925925926,5,5.469298245614035,8.944664031620553,15.37037037037037
defaulted,44,0,191,,8681,112,0.0,0,115.74358974358974,,0.8478260869565217,300,152,11,0,3,57.11184210526316,201.88372093023256,0,3.8,2.239130434782609,3.5348837209302326
defaulted,135,0,2896,,16154,496,0.0,0,83.9828797190518,,8.698473282442748,301,617,0,0,0,26.18152350081037,343.70212765957444,0,8.727969348659004,4.145038167938932,13.127659574468085
repaid,1670,0,18467,,134201,4063,0.0005405560826935795,0,76.20581026528258,,24.09548611111111,302,4588,0,94,8,29.250435919790757,818.2987804878048,94,24.09027777777778,14.15798611111111,27.975609756097562
defaulted,134,0,5408,,16961,209,0.0008182636445462729,0,28.133458646616543,,104.82608695652173,303,586,0,20,1,28.94368600682594,513.969696969697,19,107.13333333333334,8.08695652173913,17.757575757575758
repaid,277,0,4252,,83603,444,0.0003819084510884391,0,45.43815261044177,,10.64102564102564,304,1762,0,7,0,47.4477866061294,610.2408759124088,7,11.262443438914028,5.995726495726496,12.861313868613138
defaulted,135,0,1562,,49697,28,0.00042265426880811494,0,65.11219512195122,,2.675324675324675,305,1356,0,1,0,36.649705014749266,788.8412698412699,1,3.253968253968254,6.285714285714286,21.523809523809526
defaulted,142,0,1063,,23216,300,0.0004422821760283061,0,95.44364508393285,,4.905882352941177,306,646,0,3,11,35.93808049535604,313.72972972972974,3,6.303030303030303,5.3882352941176475,8.72972972972973
defaulted,186,0,1245,,14257,299,0.0011140509678317784,0,48.07647740440324,,5.40625,307,380,0,8,2,37.51842105263158,407.34285714285716,7,5.647058823529412,3.00625,10.857142857142858
repaid,543,0,16107,,41457,2640,0.0006982693361873189,0,64.18159323664857,,48.01650165016502,229,1558,0,107,3,26.609114249037226,236.89714285714285,100,48.17218543046358,13.462046204620462,8.902857142857142
defaulted,94,0,697,,20772,14,0.0,0,110.84444444444445,,13.5,228,427,0,0,0,48.6463700234192,1093.2631578947369,0,14.157894736842104,14.05,22.473684210526315
repaid,151,0,5368,,62460,134,0.0002609789081591497,0,62.597831444061114,,42.71578947368421,227,1310,0,11,0,47.6793893129771,1249.2,11,42.705263157894734,11.642105263157895,26.2
defaulted,273,0,11210,,97096,344,0.00038801047628285966,0,36.126736111111114,,63.644171779141104,226,836,0,24,1,116.14354066985646,1213.7,24,63.63803680981595,10.085889570552148,10.45
repaid,658,0,21314,,218747,481,0.0004516586294592604,0,53.39862938928983,,56.17687074829932,225,4798,1,65,2,45.59128803668195,1235.8587570621469,65,56.173469387755105,15.122448979591837,27.10734463276836
repaid,372,0,3766,,10947,342,0.0005834924676426904,0,30.96815676668708,,35.11827956989247,224,500,0,11,3,21.894,1563.857142857143,11,35.10752688172043,9.193548387096774,71.42857142857143
repaid,256,0,1419,,61989,280,0.0,0,64.5398773006135,,0.8907103825136612,223,1256,0,0,6,49.35429936305732,350.22033898305085,0,4.2631578947368425,4.180327868852459,7.096045197740113
defaulted,387,0,11353,,45367,527,0.0005020395356134296,0,25.590518436373717,,31.92920353982301,222,7745,0,8,16,5.857585539057457,449.1782178217822,8,62.189655172413794,15.380530973451327,76.68316831683168
defaulted,80,0,755,,7840,416,0.0003083564600678384,0,36.30677290836653,,22.818181818181817,221,253,0,1,0,30.988142292490117,392.0,1,23.857142857142858,8.818181818181818,12.65
repaid,313,0,4698,,110943,363,0.00011095700416088766,0,97.43265132139813,,16.52112676056338,220,2352,0,4,1,47.169642857142854,1880.3898305084747,4,16.631205673758867,10.746478873239436,39.86440677966102
repaid,450,0,7067,,125272,365,0.0006222775357809583,0,35.462839248434236,,74.84375,114,2277,0,19,0,55.01624945103206,2363.622641509434,19,79.81666666666666,20.140625,42.9622641509434
repaid,218,0,4934,,56733,266,0.0004667371958429274,0,62.54480286738351,,34.1,391,1865,0,15,3,30.419839142091153,756.44,15,40.36842105263158,10.355555555555556,24.866666666666667
repaid,197,0,2700,,92253,182,0.0,0,98.26114649681529,,8.5,390,2071,0,0,0,44.545147271849345,1281.2916666666667,0,9.968253968253968,13.64864864864865,28.76388888888889
defaulted,35,0,1278,,3091,37,0.0007144132880871584,0,25.845771144278608,,241.2,151,72,0,4,0,42.93055555555556,3091.0,4,301.25,9.4,72.0
repaid,977,0,7944,,64802,4081,2.169644503748061e-05,1,96.05296574770259,,25.581196581196583,150,1958,1,2,3,33.09601634320735,939.1594202898551,2,25.576923076923077,12.918803418803419,28.3768115942029
defaulted,97,0,563,,30201,536,0.0,0,111.88235294117646,,1.3076923076923077,153,512,0,0,0,58.986328125,1041.4137931034484,0,3.3333333333333335,6.384615384615385,17.655172413793103
repaid,456,0,11563,,194069,674,7.751111800098826e-05,0,70.45367342489645,,23.462915601023017,152,2389,0,8,0,81.23440770196736,829.3547008547008,8,24.92663043478261,7.695652173913044,10.209401709401709
repaid,243,0,2223,,73976,1059,0.0008916187834357044,0,82.30407124681933,,14.555555555555555,155,1437,0,9,0,51.479471120389704,2241.6969696969695,9,15.68,14.296296296296296,43.54545454545455
repaid,443,0,8847,,86493,190,9.792017547295444e-05,0,53.73566433566434,,21.297397769516728,154,3118,1,5,4,27.739897370109045,361.89539748953973,5,22.462745098039214,10.513011152416357,13.04602510460251
defaulted,204,0,1386,,14533,519,0.0007848413499271219,0,66.43253968253968,,17.58139534883721,157,630,0,7,0,23.06825396825397,908.3125,7,17.952380952380953,9.511627906976743,39.375
defaulted,247,0,2249,,192053,697,0.0001859427296392711,0,45.01971830985916,,6.292035398230088,156,1538,0,1,1,124.87191157347205,2087.532608695652,1,8.542168674698795,7.106194690265487,16.717391304347824
repaid,293,0,8015,,78906,224,0.00037258980966870556,0,69.42312948411343,,18.29375,159,2161,0,24,3,36.51365108745951,303.4846153846154,24,19.127450980392158,7.953125,8.311538461538461
defaulted,355,0,6338,,10669,637,0.000592295014421096,0,37.41649694501018,,36.8375,158,444,0,23,0,24.02927927927928,333.40625,22,37.062893081761004,10.025,13.875
repaid,87,0,835,,15685,250,0.00128783000643915,0,72.78867924528302,,6.463414634146342,112,570,0,4,2,27.517543859649123,505.96774193548384,4,8.25,6.975609756097561,18.387096774193548
defaulted,11,0,3044,,381,234,0.0003206926962238435,0,21.89692765113974,,189.1875,83,17,0,4,0,22.41176470588235,127.0,4,201.73333333333332,1.6875,5.666666666666667
repaid,565,0,10740,,113352,1633,0.0008237835462966353,0,36.273816656680644,,42.36548223350254,399,2394,0,45,5,47.34837092731829,899.6190476190476,45,,11.238578680203046,19.0
repaid,186,0,1447,,21851,164,0.00021397239756071467,0,122.08704453441295,,4.186440677966102,398,953,0,2,4,22.928646379853095,206.14150943396226,2,5.8,4.830508474576271,8.99056603773585
repaid,408,0,10086,,77570,391,1.4252424693751024e-05,0,125.3253046594982,,17.144963144963146,48,3108,1,2,7,24.95817245817246,641.0743801652893,2,17.142506142506143,6.434889434889435,25.68595041322314
repaid,181,0,1083,,22269,193,0.0004679457182966776,0,99.05035971223022,,2.1384615384615384,49,944,0,1,6,23.590042372881356,397.6607142857143,1,5.074074074074074,6.076923076923077,16.857142857142858
defaulted,62,0,1203,,2731,48,0.00028050490883590464,0,39.945179584120986,,132.25,46,674,0,1,0,4.051928783382789,682.75,1,176.0,20.0,168.5
defaulted,167,0,1211,,34413,711,0.0,0,128.3791469194313,,3.1029411764705883,47,1000,0,0,1,34.413,1012.1470588235294,0,4.883720930232558,8.029411764705882,29.41176470588235
repaid,385,0,8025,,207797,1424,0.0006817019826165995,0,52.01110006626905,,13.91705069124424,44,1985,1,36,2,104.68362720403023,3011.550724637681,36,14.202352941176471,3.6129032258064515,28.768115942028984
repaid,436,0,19985,,84354,591,0.0003757897456373159,0,25.902659252326156,,60.95637583892618,45,1820,0,32,0,46.348351648351645,569.9594594594595,31,61.158249158249156,10.37248322147651,12.297297297297296
defaulted,129,0,1920,,94008,330,0.0,0,59.58278145695364,,2.7962962962962963,42,1769,0,0,2,53.14188807235726,1880.16,0,6.0,10.037037037037036,35.38
defaulted,193,0,1649,,23712,279,0.0,0,36.391941391941394,,16.56,43,821,0,0,3,28.881851400730817,474.24,0,19.69047619047619,10.42,16.42
defaulted,235,0,3138,,21061,363,0.0008884752073108817,0,62.435775862068965,,22.140350877192983,40,614,1,21,2,34.30130293159609,501.45238095238096,20,22.13157894736842,9.070175438596491,14.619047619047619
repaid,225,0,1592,,62696,406,0.00021836445026749646,0,153.03968253968253,,2.8636363636363638,41,1214,0,2,0,51.64415156507413,620.7524752475248,2,3.968421052631579,5.674242424242424,12.01980198019802
repaid,459,0,4010,,79586,128,7.30033581544751e-05,0,102.34401451027811,,10.085365853658537,5,2356,3,2,5,33.78013582342954,1283.6451612903227,2,10.267080745341614,9.554878048780488,38.0
